,No,total land-terminating margin [km],Near-vertical fraction [%],Near-vertical fraction (steep terrain) [%],Steep fraction [%],Shallow fraction [%],NA [%]
CE,60,638.6,30.11,9.86,9.42,18.66,31.95
CE,61,1727.4,29.59,12.15,14.39,30.11,13.76
CE,62,774.8,14.99,28.09,2.66,4.17,50.10
CE,74,3788.4,30.08,37.77,4.47,6.02,21.66
CE,75,598,37.94,22.86,11.79,18.61,8.79
CE,76,855.8,24.15,5.94,16.61,22.51,30.80
CE,95,1271.7,14.32,40.83,1.00,0.08,43.77
CE,96,1690.2,25.57,45.99,1.08,0.90,26.45
CE,100,1332.1,30.77,37.66,2.69,3.82,25.05
CE,102,257,33.56,13.20,16.04,18.77,18.44
CE,122,461.2,18.61,43.91,0.73,0.00,36.75
CE,203,250.6,26.34,7.85,18.10,11.69,36.01
CE,204,98.2,20.80,0.00,11.05,25.77,42.38
CE,248,321.2,4.60,44.63,0.49,0.00,50.27
CE,249,257.6,3.41,22.35,0.00,0.00,74.24
CE,250,353.7,43.11,7.43,17.00,17.57,14.89
CE,251,301.3,27.41,15.40,1.16,7.21,48.83
CE,252,628,21.72,35.66,0.72,5.12,36.78
CE,255,438,9.20,40.98,0.58,27.21,22.04
TOTAL CE,,16043.8,25.62,30.17,5.93,10.03,28.25
CW,3,252.6,21.55,7.12,12.87,25.61,32.84
CW,4,497.9,22.69,8.43,4.97,22.06,41.85
CW,5,130.3,17.35,1.84,17.68,28.90,34.23
CW,6,90.9,8.01,13.22,12.70,26.04,40.02
CW,7,41,32.79,0.00,11.20,37.79,18.22
CW,8,62.3,9.92,2.10,9.03,39.13,39.83
CW,9,69.7,6.37,0.00,8.02,35.84,49.77
CW,10,58.2,32.42,0.00,19.99,37.56,10.03
CW,72,30.5,30.68,0.00,14.20,43.87,11.25
CW,81,21.1,8.16,0.00,9.67,79.28,2.89
CW,82,67.2,18.15,2.94,27.07,45.14,6.70
CW,85,175.4,17.58,4.82,2.82,8.07,66.72
CW,218,53.7,10.22,0.00,5.97,28.63,55.17
CW,219,87.1,3.61,0.00,23.36,34.39,38.64
CW,220,207.3,14.23,0.61,13.87,51.06,20.23
CW,221,87.1,10.54,0.56,10.30,62.54,16.06
CW,222,36.9,18.31,0.00,28.75,32.31,20.63
TOTAL CW,,1969.4,17.69,4.46,11.21,31.22,35.42
,,,,,,,
NE,58,76.8,7.46,0,25.99,59.5,7.05
NE,59,116.6,5.67,0.78,16.25,63.51,13.79
NE,87,1323.9,25.19,1.32,10.87,39.71,22.91
NE,129,648,17.71,1.24,8.64,57.33,15.08
NE,138,2249.9,31.94,9.66,16.28,24.48,17.64
NE,139,860.3,16.17,1.33,7.03,34.96,40.51
NE,140,2740.1,38.54,20.49,11.65,10.75,18.56
NE,141,1873.4,12.76,30.36,0.23,0.26,56.38
NE,142,748.6,21.85,21.77,6.73,12.57,37.09
NE,144,221.7,29.24,1.46,16.62,34.12,18.55
NE,145,615.4,24.68,5.02,9.18,32.89,28.24
NE,217,475.6,28.08,0.12,27.32,35.85,8.63
NE,244,1729.8,35.3,4.15,14.89,31.62,14.04
NE,245,1977.3,26.87,1.73,18.32,43.09,9.99
NE,246,746.1,14.57,0.54,7.28,51.43,26.19
NE,247,1626.8,25.81,5.82,24.07,36.39,7.9
TOTAL NE,,18030.2,26.61,9.92,12.92,28.20,22.36
,,,,,,,
NO,39,101.1,34.81,2.47,7.60,31.76,23.37
NO,50,45.3,37.99,0.00,34.15,22.84,5.01
NO,51,93.7,42.18,0.00,15.02,27.09,15.71
NO,52,726.9,21.14,0.89,11.41,44.18,22.39
NO,53,150,49.31,2.95,7.32,27.99,12.44
NO,54,196.3,23.91,1.31,4.51,26.29,43.97
NO,55,401,3.79,0.94,4.33,35.65,55.29
NO,56,316.8,34.74,0.23,9.62,36.34,19.06
NO,57,206.9,25.18,0.00,12.03,45.19,17.61
NO,77,591,13.77,1.92,9.31,36.71,38.29
NO,84,133.2,36.06,0.00,16.00,31.74,16.20
NO,109,181.8,16.78,0.00,8.53,13.11,61.58
NO,146,244.1,35.95,2.20,7.87,39.90,14.08
NO,176,321.7,29.90,0.65,27.82,32.93,8.70
NO,215,139.3,28.43,0.00,2.29,25.56,43.73
NO,216,261.4,25.80,0.69,8.87,31.57,33.07
NO,223,184.3,42.71,0.00,19.67,31.85,5.76
NO,224,530.1,37.13,12.97,17.32,16.65,15.94
TOTAL NO,,4824.9,26.33,2.28,11.77,32.86,26.77
,,,,,,,
NW,1,505.1,29.20,11.50,9.14,12.38,37.78
NW,23,398.6,33.38,6.81,4.41,6.86,48.54
NW,24,477.7,31.28,8.14,15.71,30.53,14.35
NW,25,81.1,15.55,2.26,12.31,41.12,28.77
NW,26,38.4,14.15,0.00,9.50,62.76,13.59
NW,27,37.6,23.35,3.21,15.38,47.37,10.69
NW,28,62.2,33.63,0.00,2.92,32.76,30.69
NW,29,54.8,19.03,0.00,24.42,45.34,11.22
NW,30,83.5,15.83,0.00,14.73,39.16,30.28
NW,31,54.1,11.86,0.00,2.65,41.92,43.57
NW,32,49.2,10.79,0.57,11.60,59.79,17.24
NW,33,29.3,32.14,0.00,0.00,30.16,37.70
NW,34,49.5,3.73,0.00,0.66,5.89,89.73
NW,35,55,23.34,3.88,31.79,31.29,9.70
NW,36,123.8,25.01,1.30,29.94,31.39,12.35
NW,37,30.6,18.46,3.68,18.17,28.70,30.98
NW,38,117.8,14.88,0.00,13.06,39.02,33.05
NW,41,58.5,37.56,0.76,10.11,30.41,21.15
NW,42,29.5,1.37,0.00,9.40,42.45,46.78
NW,43,68.6,17.88,1.96,4.11,68.84,7.20
NW,44,34,27.92,0.00,25.23,7.93,38.93
NW,45,264.4,24.43,19.68,0.81,1.68,53.40
NW,46,397.9,30.71,0.00,6.16,28.94,34.19
NW,47,71.4,17.18,0.00,8.45,28.89,45.49
NW,48,69.1,16.76,3.42,15.09,28.15,36.58
NW,49,259.9,22.52,0.00,23.40,31.79,22.28
NW,78,79.3,17.10,0.00,19.57,11.06,52.27
NW,86,103.2,30.46,0.00,3.52,33.18,32.85
NW,103,21.2,9.64,7.14,30.39,14.03,38.81
NW,104,27.6,7.75,0.00,28.43,14.32,49.50
NW,105,22,25.37,0.00,4.59,18.80,51.24
NW,127,22.5,7.45,0.00,2.65,48.80,41.11
NW,147,291.2,36.37,8.09,11.82,12.86,30.87
NW,148,103.8,34.27,4.56,6.49,9.00,45.69
NW,159,25.2,43.48,0.00,2.16,23.12,31.25
NW,160,23.7,38.37,8.43,0.00,30.83,22.37
NW,161,34.2,17.51,0.00,18.01,3.81,60.66
NW,162,77.6,46.90,0.00,15.30,25.58,12.23
NW,163,57.2,0.00,0.00,5.32,24.04,70.64
NW,164,124.6,28.08,0.00,17.50,22.54,31.88
NW,165,89.4,30.71,0.00,14.74,34.35,20.20
NW,166,38.4,3.44,0.00,22.93,47.82,25.82
NW,167,133.6,37.61,0.00,6.15,49.43,6.81
NW,168,13.1,0.00,14.07,27.46,35.68,22.79
NW,169,37.5,22.60,0.00,17.08,48.14,12.19
NW,170,23.3,32.38,6.51,19.05,5.13,36.93
NW,172,161.8,37.93,1.10,16.45,40.92,3.61
NW,174,114.9,40.70,0.00,12.57,23.68,23.05
NW,175,116.5,29.67,8.42,6.13,31.60,24.19
NW,180,11.8,14.49,0.00,9.37,36.69,39.46
NW,185,127.3,40.28,3.05,12.96,20.17,23.53
NW,195,69.3,42.72,0.00,3.90,8.87,44.52
NW,196,297.6,24.56,2.93,22.97,27.09,22.44
NW,197,142.2,43.35,10.22,12.28,9.79,24.37
NW,207,21,0.00,0.00,0.00,7.99,92.01
NW,208,7.6,0.00,0.00,0.00,0.00,100.00
NW,214,68.8,17.57,1.54,7.94,39.65,33.29
NW,225,145.6,32.48,0.00,13.25,39.30,14.96
NW,238,91.4,11.18,0.00,18.23,15.72,54.87
NW,239,45.8,22.88,0.00,11.08,21.99,44.05
NW,240,111.6,27.36,6.48,8.37,10.91,46.89
TOTAL NW,,6383.6,27.66,4.24,12.02,25.01,31.07
,,,,,,,
SE,63,196.9,18.35,5.66,16.99,22.83,36.17
SE,64,28.5,12.94,0.00,1.55,63.39,22.12
SE,65,381.7,5.82,29.94,0.77,0.00,63.47
SE,67,93.5,10.65,8.22,14.73,20.87,45.53
SE,68,23,7.47,0.00,17.51,59.40,15.61
SE,73,66,17.00,20.34,0.65,0.38,61.63
SE,80,260.3,22.05,19.76,5.19,19.83,33.17
SE,83,121.8,46.59,1.29,16.37,14.37,21.38
SE,88,184.2,21.52,1.49,25.05,32.54,19.40
SE,92,146.7,37.15,29.32,13.02,8.08,12.44
SE,93,1217.3,34.16,22.50,5.45,13.38,24.51
SE,94,3279.5,26.16,43.54,1.66,2.28,26.37
SE,106,77.9,7.42,1.56,9.94,56.56,24.52
SE,107,138.2,17.69,27.80,3.45,1.34,49.73
SE,108,170.9,39.35,24.85,13.96,11.08,10.77
SE,110,220.9,4.03,10.46,0.05,7.21,78.25
SE,111,404.8,23.41,22.86,0.34,4.39,49.00
SE,113,387.1,11.89,27.12,0.00,0.99,59.99
SE,114,277.5,18.19,33.27,0.91,0.49,47.15
SE,115,353.8,17.33,28.73,6.79,4.19,42.97
SE,117,651.7,7.77,19.15,0.30,0.00,72.78
SE,118,288.8,13.41,29.23,2.57,0.04,54.76
SE,119,30.8,12.20,22.04,0.00,0.00,65.76
SE,120,466.3,16.42,18.05,8.73,5.56,51.24
SE,121,625.9,7.66,24.87,0.00,0.00,67.46
SE,125,1123,28.80,18.43,4.56,9.54,38.68
SE,126,1132,28.75,21.96,5.81,5.27,38.21
SE,128,511.6,32.07,21.36,10.89,6.53,29.14
SE,186,37,4.10,0.17,9.72,24.21,61.79
SE,187,56.4,5.80,0.73,9.02,37.34,47.12
SE,188,47.4,5.84,2.23,17.59,18.26,56.08
SE,189,114.7,7.88,1.34,20.49,42.76,27.53
SE,190,297.5,23.96,17.85,21.05,6.63,30.51
SE,191,208.3,17.58,1.12,31.46,38.47,11.38
SE,192,43.2,2.98,0.00,9.32,52.69,35.01
SE,193,697.2,24.79,15.24,3.09,5.87,51.00
SE,199,67.6,22.08,4.64,8.58,6.15,58.56
SE,200,40,16.63,0.00,8.63,3.87,70.86
SE,201,72.4,6.20,0.00,13.54,19.39,60.87
SE,202,297.2,18.24,0.38,7.34,14.15,59.89
SE,209,84,19.27,1.62,0.00,0.00,79.11
SE,210,353.6,13.72,35.32,13.93,1.60,35.43
SE,211,17.1,14.86,0.00,25.92,37.05,22.17
SE,212,25.1,6.09,0.00,5.99,52.10,35.81
SE,213,16.2,0.00,0.00,0.00,17.66,82.34
SE,231,466.4,7.59,32.87,0.87,0.00,58.67
SE,233,293.2,35.06,16.54,11.93,5.60,30.87
SE,237,55,8.18,1.01,18.46,4.08,68.26
SE,243,437.2,22.24,29.02,5.76,6.52,36.46
TOTAL SE,,16587.4,21.97,24.65,5.58,7.28,40.51
,,,,,,,
SW,11,162.7,14.67,0.00,25.32,58.12,1.89
SW,12,86.7,15.16,0.14,25.27,59.18,0.25
SW,13,154.4,13.79,0.38,19.87,62.81,3.15
SW,14,116.2,17.79,1.87,15.98,38.78,25.59
SW,15,165.7,11.59,0.00,15.26,53.34,19.81
SW,16,82.8,17.10,0.00,20.00,42.12,20.77
SW,17,881.8,30.12,10.18,14.89,28.81,16.01
SW,18,1268.1,20.39,1.96,9.09,30.27,38.29
SW,19,128.2,9.00,0.00,17.89,62.48,10.63
SW,20,388.5,33.82,0.12,16.39,25.50,24.16
SW,21,568.2,27.80,4.90,11.33,29.59,26.38
SW,22,423.2,17.55,3.07,8.21,22.85,48.32
SW,40,654.2,14.11,0.06,15.61,63.81,6.41
SW,69,128.9,15.47,0.00,17.91,51.68,14.95
SW,70,886.1,29.19,3.63,16.94,38.15,12.09
SW,71,165.8,7.93,0.00,17.53,70.58,3.96
SW,130,141.2,27.70,9.75,15.47,25.54,21.55
SW,131,397,32.95,2.78,14.52,20.82,28.92
SW,132,24.4,1.92,0.00,6.64,0.00,91.44
SW,133,71,30.02,1.02,9.14,13.73,46.10
SW,134,58.9,15.63,8.99,10.42,19.22,45.74
SW,135,23.4,21.83,2.87,6.08,14.56,54.65
SW,136,20.3,0.00,0.00,0.00,9.62,90.38
SW,137,72,17.67,0.36,17.57,54.27,10.13
TOTAL SW,,7069.8,22.84,3.16,14.13,37.01,22.87
,,,,,,,
PGIC CW,300,13976.6,35.88,20.61,15.35,17.15,11.02
PGIC NW,301,5296,23.29,4.78,19.19,27.63,25.12
PGIC NO W,302,2504.9,16.11,1.14,15.53,22.18,45.05
PGIC NO C,303,5261.3,17.12,2.05,25.42,30.53,24.88
PGIC NO E,304,11805.4,16.53,4.44,29.67,45.25,4.12
PGIC NE N,305,10900.8,18.27,12.74,23.88,34.32,10.79
PGIC NE C,306,9741.6,21.84,7.19,32.21,28.01,10.74
PGIC NE S,307,28565.6,28.41,32.35,14.46,10.85,13.93
PGIC CE N,308,12618.8,30.43,22.36,13.99,10.65,22.57
PGIC CE C,309,25310.1,34.92,38.16,5.09,7.7,14.13
PGIC CE S,310,9147.6,39.12,39.23,5.42,4.05,12.18
PGIC SE N,311,7694.9,38.53,40.41,5.40,4.94,10.72
PGIC SE C,312,7990.2,37.94,27.3,10.61,4.92,19.22
PGIC SE S,313,8565.4,33.09,34.25,9.32,5.14,18.2
PGIC SW S,314,3339.9,37.1,9.84,21.73,18.02,13.3
PGIC SW N,315,8059.5,36.27,19.76,11.88,12.54,19.55
TOTAL GrIS,,70912.5,24.75,16.09,9.53,20.19,29.44
TOTAL PGIC,,170624.8,29.87,24.21,14.96,16.05,14.92
TOTAL,,241537.3,28.37,21.83,13.37,17.26,19.18
